1564,
15,
35,
897,
8,
356,
98,
996,
4,
89,
3564,
44,
325,
569,
4456,
8776,
5688,
45,
6,
32653,
8,
56,
986,
1023,
3,
8693,
4563,
23,
866,
49,
65,
8652,
235,
863,
101,
9605,
45123,
30001,
256,
10205,
9863,
1563,
556,
7886,
8668,
536,
406,
322,
908,
23456,
1111,
854,
6059,
63579,
4456,
8715,
9654,
22,
659,
778,
63,
456,
7801,
623,
53624,
54863,
88745,
1023,
965,
435,
9863,
43563,
88689,
101235,
56,
4558,
26563,
789,
4568,
1256,
2023,
4565,
86589,
45505,
632,
4563,
7702,
1123,
506,
946,
6535,
12225,
98656,
205326,
22235,
25,
4560,
352,
201,
45
